{"cameraMode":{"drawMode":0,"name":"Shaded","section":"Shading Mode"},"sceneLighting":false,"audioPlay":false,"sceneViewState":{"showFog":true,"showMaterialUpdate":false,"showSkybox":false,"showFlares":true,"showImageEffects":true,"showParticleSystems":true,"showVisualEffectGraphs":true,"m_FxEnabled":false},"in2DMode":false,"pivot":{"x":5.960464477539063e-8,"y":0.5934890508651733,"z":-0.045791685581207278},"rotation":{"x":0.03348875418305397,"y":-0.9352531433105469,"z":0.3402383327484131,"w":0.09203346818685532},"size":1.7411785125732422,"orthographic":false}