{"cameraMode":{"drawMode":0,"name":"Shaded","section":"Shading Mode"},"sceneLighting":true,"audioPlay":false,"sceneViewState":{"showFog":true,"showMaterialUpdate":false,"showSkybox":true,"showFlares":true,"showImageEffects":true,"showParticleSystems":true,"showVisualEffectGraphs":true,"m_FxEnabled":false},"in2DMode":false,"pivot":{"x":0.28077900409698489,"y":0.4578739106655121,"z":-0.220394104719162},"rotation":{"x":0.03348875418305397,"y":-0.9352531433105469,"z":0.3402383327484131,"w":0.09203346818685532},"size":1.1411786079406739,"orthographic":false}